Run,Status,BlockedThreads,WaitQueue
1,DEADLOCK,2,0
2,DEADLOCK,2,0
3,DEADLOCK,1,0
4,DEADLOCK,1,0
5,DEADLOCK,2,0
6,DEADLOCK,2,0
7,DEADLOCK,2,0
8,DEADLOCK,2,0
9,DEADLOCK,2,0
10,DEADLOCK,2,0
11,DEADLOCK,2,0
12,DEADLOCK,2,0
13,DEADLOCK,2,0
14,DEADLOCK,2,0
15,DEADLOCK,2,0
16,DEADLOCK,2,0
17,DEADLOCK,2,0
18,DEADLOCK,2,0
19,DEADLOCK,2,0
20,DEADLOCK,1,0
21,DEADLOCK,2,0
22,DEADLOCK,1,0
23,DEADLOCK,2,0
24,DEADLOCK,2,0
25,DEADLOCK,2,0
26,DEADLOCK,1,0
27,DEADLOCK,2,0
28,DEADLOCK,2,0
29,DEADLOCK,1,0
30,DEADLOCK,1,0
31,DEADLOCK,2,0
32,DEADLOCK,2,0
33,DEADLOCK,2,0
34,DEADLOCK,1,0
35,DEADLOCK,2,0
36,DEADLOCK,1,0
37,DEADLOCK,2,0
38,DEADLOCK,2,0
39,DEADLOCK,2,0
40,DEADLOCK,2,0
41,DEADLOCK,2,0
42,DEADLOCK,2,0
43,DEADLOCK,2,0
44,DEADLOCK,1,0
45,DEADLOCK,2,0
46,DEADLOCK,2,0
47,DEADLOCK,2,0
48,DEADLOCK,2,0
49,DEADLOCK,2,0
50,DEADLOCK,1,0
51,DEADLOCK,2,0
52,DEADLOCK,2,0
53,DEADLOCK,2,0
54,DEADLOCK,2,0
55,DEADLOCK,2,0
56,DEADLOCK,2,0
57,DEADLOCK,2,0
58,DEADLOCK,2,0
59,DEADLOCK,2,0
60,DEADLOCK,2,0
61,DEADLOCK,2,0
62,DEADLOCK,2,0
63,DEADLOCK,1,0
64,DEADLOCK,1,0
65,DEADLOCK,2,0
66,DEADLOCK,2,0
67,DEADLOCK,2,0
68,DEADLOCK,2,0
69,DEADLOCK,1,0
70,DEADLOCK,2,0
71,DEADLOCK,1,0
72,DEADLOCK,2,0
73,DEADLOCK,2,0
74,DEADLOCK,2,0
75,DEADLOCK,1,0
76,DEADLOCK,2,0
77,DEADLOCK,2,0
78,DEADLOCK,1,0
79,DEADLOCK,2,0
80,DEADLOCK,2,0
81,DEADLOCK,2,0
82,DEADLOCK,2,0
83,DEADLOCK,1,0
84,DEADLOCK,2,0
85,DEADLOCK,2,0
86,DEADLOCK,2,0
87,DEADLOCK,2,0
88,DEADLOCK,1,0
89,DEADLOCK,2,0
90,DEADLOCK,2,0
91,DEADLOCK,1,0
92,DEADLOCK,2,0
93,DEADLOCK,2,0
94,DEADLOCK,1,0
95,DEADLOCK,2,0
96,DEADLOCK,2,0
97,DEADLOCK,2,0
98,DEADLOCK,2,0
99,DEADLOCK,2,0
100,DEADLOCK,2,0
